Seq,Datetime,Month,Weekday,Time,Description,Operator,Entry_Route,Exit,Product,Change,Balance,SB_Change,SB_Balance
1,12/4/2015 11:59,12,Friday,11:59,Transfer,Metrobus,7F,,StoredValue FF,0,26.25,,
0,12/4/2015 11:27,12,Friday,11:27,Entry,Metrobus,16A,,StoredValue FF,-1.75,26.25,,
14,12/4/2015 1:02,12,Friday,1:02,Threshold Autoload,Metrobus,38B,,StoredValue FF,20,29.75,,
15,12/4/2015 1:02,12,Friday,1:02,Entry,Metrobus,38B,,StoredValue FF,-1.75,28,,
0,11/19/2013 17:59,11,Tuesday,17:59,Entry,DC Circulator,Georgetown - Union,,Stored ValueALP SB Trn FF,0,14.5,0,146.5
12,12/3/2015 18:05,12,Thursday,18:05,Exit,Metrorail,,McPherson Square,StoredValue FF,-1.7,10.75,,
11,12/3/2015 17:46,12,Thursday,17:46,Transfer,Metrorail,,Pentagon,StoredValue FF,0,12.45,,
10,12/3/2015 17:32,12,Thursday,17:32,Entry,Metrobus,7P,,StoredValue FF,-1.75,12.45,,
9,12/1/2015 22:19,12,Tuesday,22:19,Transfer,Metrobus,16A,,StoredValue FF,-1.25,14.2,,
8,12/1/2015 22:17,12,Tuesday,22:17,Exit,Metrorail,McPherson Square,Pentagon,StoredValue FF,-1.8,15.45,,
7,12/1/2015 21:50,12,Tuesday,21:50,Entry,Metrorail,McPherson Square,,StoredValue FF,0,17.25,,
6,11/24/2015 22:02,11,Tuesday,22:02,Exit,Metrorail,McPherson Square,Union Station,StoredValue FF,-1.75,17.25,,
5,11/24/2015 21:43,11,Tuesday,21:43,Entry,Metrorail,McPherson Square,,StoredValue FF,0,19,,
4,11/24/2015 17:52,11,Tuesday,17:52,Exit,Metrorail,,McPherson Square,StoredValue FF,-1.7,19,,
3,11/24/2015 17:37,11,Tuesday,17:37,Transfer,Metrorail,,Pentagon,StoredValue FF,0,20.7,,
2,11/24/2015 17:27,11,Tuesday,17:27,Entry,Metrobus,7P,,StoredValue FF,-1.75,20.7,,
1,11/23/2015 22:38,11,Monday,22:38,Transfer,Metrobus,16B,,StoredValue FF,-1.25,22.45,,
0,11/23/2015 22:33,11,Monday,22:33,Exit,Metrorail,,Pentagon,StoredValue FF,-1.95,23.7,,
15,11/23/2015 21:55,11,Monday,21:55,Entry,Metrorail,Dupont Circle,,StoredValue FF,0,25.65,,
14,11/23/2015 18:35,11,Monday,18:35,Exit,Metrorail,,Dupont Circle,StoredValue FF,-1.9,25.65,,
13,11/23/2015 18:18,11,Monday,18:18,Transfer,Metrorail,,Pentagon,StoredValue FF,0,27.55,,
11,11/23/2015 18:04,11,Monday,18:04,Threshold Autoload,Metrobus,7P,,StoredValue FF,20,29.3,,
12,11/23/2015 18:04,11,Monday,18:04,Entry,Metrobus,7P,,StoredValue FF,-1.75,27.55,,
10,11/21/2015 15:49,11,Saturday,15:49,Transfer,Metrobus,16J,,StoredValue FF,-0.75,9.3,,
9,11/21/2015 15:38,11,Saturday,15:38,Exit,Metrorail,,Pentagon,StoredValue FF,-1.45,10.05,,
8,11/21/2015 15:16,11,Saturday,15:16,Transfer,Metrorail,,Union Station,StoredValue FF,0,11.5,,
14,12/1/2013 22:21,12,Sunday,22:21,Transfer,DC Circulator,Rosslyn - Dupont,,Stored ValueALP SB Trn FF,0,14.5,-0.5,157.8
6,11/19/2015 22:17,11,Thursday,22:17,Transfer,Metrobus,16A,,StoredValue FF,-1.25,12.5,,
5,11/19/2015 22:09,11,Thursday,22:09,Exit,Metrorail,McPherson Square,Pentagon,StoredValue FF,-1.8,13.75,,
4,11/19/2015 21:43,11,Thursday,21:43,Entry,Metrorail,McPherson Square,,StoredValue FF,0,15.55,,
3,11/19/2015 18:06,11,Thursday,18:06,Exit,Metrorail,,McPherson Square,StoredValue FF,-1.7,15.55,,
2,11/19/2015 17:42,11,Thursday,17:42,Transfer,Metrorail,,Pentagon,StoredValue FF,0,17.25,,
1,11/19/2015 17:26,11,Thursday,17:26,Entry,Metrobus,7P,,StoredValue FF,-1.75,17.25,,
0,11/17/2015 22:14,11,Tuesday,22:14,Transfer,Metrobus,16B,,StoredValue FF,-1.25,19,,
15,11/17/2015 22:05,11,Tuesday,22:05,Exit,Metrorail,McPherson Square,Pentagon,StoredValue FF,-1.8,20.25,,
14,11/17/2015 21:45,11,Tuesday,21:45,Entry,Metrorail,McPherson Square,,StoredValue FF,0,22.05,,
13,11/17/2015 17:54,11,Tuesday,17:54,Exit,Metrorail,,McPherson Square,StoredValue FF,-2.2,22.05,,
11,11/13/2015 17:27,11,Friday,17:27,Transfer,Metrobus,16A,,StoredValue FF,0,24.25,,
10,11/13/2015 17:16,11,Friday,17:16,Exit,Metrorail,,Pentagon,StoredValue FF,-1.7,24.25,,
9,11/13/2015 17:01,11,Friday,17:01,Transfer,Metrorail,,McPherson Square,StoredValue FF,0,25.95,,
8,11/13/2015 16:37,11,Friday,16:37,Exit,Metrorail,,McPherson Square,StoredValue FF,-1.7,25.95,,
7,11/13/2015 16:24,11,Friday,16:24,Transfer,Metrorail,,Pentagon,StoredValue FF,0,27.65,,
5,11/13/2015 16:09,11,Friday,16:09,Threshold Autoload,Metrobus,7P,,StoredValue FF,20,29.4,,
6,11/13/2015 16:09,11,Friday,16:09,Entry,Metrobus,7P,,StoredValue FF,-1.75,27.65,,
4,11/12/2015 22:16,11,Thursday,22:16,Transfer,Metrobus,16B,,StoredValue FF,-1.25,9.4,,
3,11/12/2015 22:11,11,Thursday,22:11,Exit,Metrorail,McPherson Square,Pentagon,StoredValue FF,-1.8,10.65,,
2,11/12/2015 21:47,11,Thursday,21:47,Entry,Metrorail,McPherson Square,,StoredValue FF,0,12.45,,
1,11/12/2015 17:35,11,Thursday,17:35,Exit,Metrorail,,McPherson Square,StoredValue FF,-1.7,12.45,,
0,11/12/2015 17:22,11,Thursday,17:22,Transfer,Metrorail,,Pentagon,StoredValue FF,0,14.15,,
15,11/12/2015 17:05,11,Thursday,17:05,Entry,Metrobus,7P,,StoredValue FF,-1.75,14.15,,
14,11/10/2015 22:39,11,Tuesday,22:39,Transfer,Metrobus,16B,,StoredValue FF,-1.25,15.9,,
13,11/10/2015 22:35,11,Tuesday,22:35,Exit,Metrorail,McPherson Square,Pentagon,StoredValue FF,-1.8,17.15,,
12,11/10/2015 22:18,11,Tuesday,22:18,Entry,Metrorail,McPherson Square,,StoredValue FF,0,18.95,,
11,11/10/2015 18:20,11,Tuesday,18:20,Exit,Metrorail,,McPherson Square,StoredValue FF,-1.7,18.95,,
10,11/10/2015 17:58,11,Tuesday,17:58,Transfer,Metrorail,,Pentagon,StoredValue FF,0,20.65,,
9,11/10/2015 17:46,11,Tuesday,17:46,Entry,Metrobus,7P,,StoredValue FF,-1.75,20.65,,
8,11/5/2015 22:12,11,Thursday,22:12,Transfer,Metrobus,16B,,StoredValue FF,-1.25,22.4,,
7,11/5/2015 22:03,11,Thursday,22:03,Exit,Metrorail,McPherson Square,Pentagon,StoredValue FF,-1.8,23.65,,
6,11/5/2015 21:44,11,Thursday,21:44,Entry,Metrorail,McPherson Square,,StoredValue FF,0,25.45,,
5,11/5/2015 17:39,11,Thursday,17:39,Exit,Metrorail,,McPherson Square,StoredValue FF,-1.7,25.45,,
2,11/5/2015 17:06,11,Thursday,17:06,Threshold Autoload,Metrobus,7A,,StoredValue FF,20,28.9,,
3,11/5/2015 17:06,11,Thursday,17:06,Entry,Metrobus,7A,,StoredValue FF,-1.75,27.15,,
1,11/3/2015 22:07,11,Tuesday,22:07,Transfer,Metrobus,16B,,StoredValue FF,-1.25,8.9,,
0,11/3/2015 22:02,11,Tuesday,22:02,Exit,Metrorail,,Pentagon,StoredValue FF,-1.8,10.15,,
15,11/3/2015 21:47,11,Tuesday,21:47,Entry,Metrorail,McPherson Square,,StoredValue FF,0,11.95,,
14,11/3/2015 18:04,11,Tuesday,18:04,Exit,Metrorail,,McPherson Square,StoredValue FF,-1.7,11.95,,
13,11/3/2015 17:42,11,Tuesday,17:42,Transfer,Metrorail,,Pentagon,StoredValue FF,0,13.65,,
12,11/3/2015 17:28,11,Tuesday,17:28,Entry,Metrobus,7P,,StoredValue FF,-1.75,13.65,,
11,11/1/2015 1:37,11,Sunday,1:37,Exit,Metrorail,U Street,Pentagon,StoredValue FF,-2.55,15.4,,
10,11/1/2015 1:10,11,Sunday,1:10,Entry,Metrorail,U Street,,StoredValue FF,0,17.95,,
9,10/29/2015 22:15,10,Thursday,22:15,Transfer,Metrobus,16B,,StoredValue FF,-1.25,17.95,,
8,10/29/2015 22:08,10,Thursday,22:08,Exit,Metrorail,McPherson Square,Pentagon,StoredValue FF,-1.8,19.2,,
7,10/29/2015 21:47,10,Thursday,21:47,Entry,Metrorail,McPherson Square,,StoredValue FF,0,21,,
6,10/29/2015 17:41,10,Thursday,17:41,Exit,Metrorail,,McPherson Square,StoredValue FF,-1.7,21,,
5,10/29/2015 17:20,10,Thursday,17:20,Transfer,Metrorail,,Pentagon,StoredValue FF,0,22.7,,
4,10/29/2015 17:06,10,Thursday,17:06,Entry,Metrobus,7A,,StoredValue FF,-1.75,22.7,,
3,10/27/2015 22:07,10,Tuesday,22:07,Transfer,Metrobus,16B,,StoredValue FF,-1.25,24.45,,
2,10/27/2015 22:02,10,Tuesday,22:02,Exit,Metrorail,McPherson Square,Pentagon,StoredValue FF,-1.8,25.7,,
1,10/27/2015 21:45,10,Tuesday,21:45,Entry,Metrorail,McPherson Square,,StoredValue FF,0,27.5,,
0,10/27/2015 16:15,10,Tuesday,16:15,Exit,Metrorail,,McPherson Square,StoredValue FF,-1.7,27.5,,
15,10/27/2015 15:59,10,Tuesday,15:59,Transfer,Metrorail,,Pentagon,StoredValue FF,0,29.2,,
14,10/27/2015 15:59,10,Tuesday,15:59,Threshold Autoload,Metrorail,Pentagon,,StoredValue FF,20,29.2,,
13,10/27/2015 15:46,10,Tuesday,15:46,Entry,Metrobus,7A,,StoredValue FF,-1.75,9.2,,
12,10/26/2015 21:16,10,Monday,21:16,Transfer,Metrobus,16J,,StoredValue FF,-1.25,10.95,,
11,10/26/2015 21:00,10,Monday,21:00,Exit,Metrorail,U Street,Pentagon,StoredValue FF,-2.05,12.2,,
10,10/26/2015 20:36,10,Monday,20:36,Entry,Metrorail,U Street,,StoredValue FF,0,14.25,,
9,10/26/2015 18:31,10,Monday,18:31,Exit,Metrorail,Pentagon City,U Street,StoredValue FF,-2.75,14.25,,
8,10/26/2015 18:08,10,Monday,18:08,Entry,Metrorail,Pentagon City,,StoredValue FF,0,17,,
7,10/25/2015 17:12,10,Sunday,17:12,Exit,Metrorail,Rosslyn,Pentagon City,StoredValue FF,-1.75,17,,
6,10/25/2015 16:55,10,Sunday,16:55,Entry,Metrorail,Rosslyn,,StoredValue FF,0,18.75,,
5,10/22/2015 21:53,10,Thursday,21:53,Exit,Metrorail,McPherson Square,Pentagon,StoredValue FF,-1.8,18.75,,
4,10/22/2015 21:40,10,Thursday,21:40,Entry,Metrorail,McPherson Square,,StoredValue FF,0,20.55,,
3,10/22/2015 17:44,10,Thursday,17:44,Exit,Metrorail,,McPherson Square,StoredValue FF,-1.7,20.55,,
2,10/22/2015 17:23,10,Thursday,17:23,Transfer,Metrorail,,Pentagon,StoredValue FF,0,22.25,,
1,10/22/2015 17:07,10,Thursday,17:07,Entry,Metrobus,7P,,StoredValue FF,-1.75,22.25,,
0,10/20/2015 21:55,10,Tuesday,21:55,Exit,Metrorail,,Pentagon,StoredValue FF,-1.8,24,,
15,10/20/2015 21:40,10,Tuesday,21:40,Entry,Metrorail,McPherson Square,,StoredValue FF,0,25.8,,
14,10/20/2015 17:44,10,Tuesday,17:44,Exit,Metrorail,,McPherson Square,StoredValue FF,-1.7,25.8,,
13,10/20/2015 17:24,10,Tuesday,17:24,Transfer,Metrorail,,Pentagon,StoredValue FF,0,27.5,,
11,10/20/2015 17:07,10,Tuesday,17:07,Threshold Autoload,Metrobus,7P,,StoredValue FF,20,29.25,,
12,10/20/2015 17:07,10,Tuesday,17:07,Entry,Metrobus,7P,,StoredValue FF,-1.75,27.5,,
10,10/18/2015 17:39,10,Sunday,17:39,Transfer,Metrobus,16P,,StoredValue FF,-1.25,9.25,,
9,10/18/2015 17:16,10,Sunday,17:16,Exit,Metrorail,Eastern Market,Pentagon City,StoredValue FF,-2,10.5,,
8,10/18/2015 16:11,10,Sunday,16:11,Entry,Metrorail,Eastern Market,,StoredValue FF,0,12.5,,
7,10/18/2015 12:39,10,Sunday,12:39,Exit,Metrorail,Pentagon City,Eastern Market,StoredValue FF,-2,12.5,,
6,10/18/2015 12:14,10,Sunday,12:14,Entry,Metrorail,Pentagon City,,StoredValue FF,0,14.5,,
5,10/18/2015 1:39,10,Sunday,1:39,Exit,Metrorail,Columbia Heights,Pentagon,StoredValue FF,-2.8,14.5,,
4,10/18/2015 1:16,10,Sunday,1:16,Entry,Metrorail,Columbia Heights,,StoredValue FF,0,17.3,,
3,10/17/2015 9:10,10,Saturday,9:10,Exit,Metrorail,,Foggy Bottom,StoredValue FF,-1.25,17.3,,
2,10/17/2015 8:31,10,Saturday,8:31,Transfer,Metrorail,,Pentagon,StoredValue FF,0,18.55,,
1,10/17/2015 8:05,10,Saturday,8:05,Entry,Metrobus,16J,,StoredValue FF,-1.75,18.55,,
0,10/15/2015 22:27,10,Thursday,22:27,Exit,Metrorail,,Pentagon,StoredValue FF,-1.8,20.3,,
15,10/15/2015 22:02,10,Thursday,22:02,Entry,Metrorail,McPherson Square,,StoredValue FF,0,22.1,,
14,10/15/2015 17:58,10,Thursday,17:58,Exit,Metrorail,,McPherson Square,StoredValue FF,-1.7,22.1,,
13,10/15/2015 17:26,10,Thursday,17:26,Transfer,Metrorail,,Pentagon,StoredValue FF,0,23.8,,
12,10/15/2015 17:10,10,Thursday,17:10,Entry,Metrobus,7P,,StoredValue FF,-1.75,23.8,,
11,10/13/2015 22:12,10,Tuesday,22:12,Transfer,Metrobus,16B,,StoredValue FF,-1.25,25.55,,
10,10/13/2015 22:05,10,Tuesday,22:05,Exit,Metrorail,McPherson Square,Pentagon,StoredValue FF,-1.8,26.8,,
8,10/13/2015 21:46,10,Tuesday,21:46,Threshold Autoload,Metrorail,McPherson Square,,StoredValue FF,20,28.6,,
9,10/13/2015 21:46,10,Tuesday,21:46,Entry,Metrorail,McPherson Square,,StoredValue FF,0,28.6,,
7,10/13/2015 17:43,10,Tuesday,17:43,Exit,Metrorail,,McPherson Square,StoredValue FF,-1.7,8.6,,
6,10/13/2015 17:23,10,Tuesday,17:23,Transfer,Metrorail,,Pentagon,StoredValue FF,0,10.3,,
5,10/13/2015 17:08,10,Tuesday,17:08,Entry,Metrobus,7A,,StoredValue FF,-1.75,10.3,,
4,10/11/2015 18:59,10,Sunday,18:59,Transfer,Metrobus,16B,,StoredValue FF,-1.25,12.05,,
3,10/11/2015 18:31,10,Sunday,18:31,Exit,Metrorail,L'Enfant Plaza,Pentagon,StoredValue FF,-1.75,13.3,,
2,10/11/2015 18:17,10,Sunday,18:17,Entry,Metrorail,L'Enfant Plaza,,StoredValue FF,0,15.05,,
1,10/11/2015 18:17,10,Sunday,18:17,"Exit
Forced Exit",Metrorail,,L'Enfant Plaza,StoredValue FF,-1.25,15.05,,
1,10/11/2015 18:16,10,Sunday,18:16,"Exit
Entry/Exit Inverted",Metrorail,,L'Enfant Plaza,,0,16.3,,
1,10/11/2015 18:16,10,Sunday,18:16,"Exit
Entry/Exit Inverted",Metrorail,,L'Enfant Plaza,,0,16.3,,
1,10/11/2015 18:16,10,Sunday,18:16,"Exit
Entry/Exit Inverted",Metrorail,,L'Enfant Plaza,,0,16.3,,
1,10/11/2015 18:16,10,Sunday,18:16,"Exit
Entry/Exit Inverted",Metrorail,,L'Enfant Plaza,,0,16.3,,
0,10/11/2015 13:29,10,Sunday,13:29,Transfer,Metrorail,,Pentagon,StoredValue FF,0,16.3,,
15,10/11/2015 13:01,10,Sunday,13:01,Entry,Metrobus,29N,,StoredValue FF,-1.75,16.3,,
14,10/10/2015 22:23,10,Saturday,22:23,Entry,Metrobus,28A,,StoredValue FF,-1.75,18.05,,
13,10/9/2015 19:45,10,Friday,19:45,Transfer,Metrobus,16J,,StoredValue FF,-1.25,19.8,,
12,10/9/2015 19:38,10,Friday,19:38,Exit,Metrorail,McPherson Square,Pentagon,StoredValue FF,-1.8,21.05,,
11,10/9/2015 19:14,10,Friday,19:14,Entry,Metrorail,McPherson Square,,StoredValue FF,0,22.85,,
10,10/9/2015 16:44,10,Friday,16:44,Exit,Metrorail,,McPherson Square,StoredValue FF,-1.7,22.85,,
9,10/9/2015 16:22,10,Friday,16:22,Transfer,Metrorail,,Pentagon,StoredValue FF,0,24.55,,
8,10/9/2015 16:06,10,Friday,16:06,Entry,Metrobus,7P,,StoredValue FF,-1.75,24.55,,
7,10/8/2015 22:30,10,Thursday,22:30,Transfer,Metrobus,16B,,StoredValue FF,-1.25,26.3,,
6,10/8/2015 22:19,10,Thursday,22:19,Exit,Metrorail,Farragut West,Pentagon,StoredValue FF,-1.8,27.55,,
4,10/8/2015 21:55,10,Thursday,21:55,Threshold Autoload,Metrorail,Farragut West,,StoredValue FF,20,29.35,,
5,10/8/2015 21:55,10,Thursday,21:55,Entry,Metrorail,Farragut West,,StoredValue FF,0,29.35,,
3,10/8/2015 17:07,10,Thursday,17:07,Exit,Metrorail,,Archives,StoredValue FF,-1.65,9.35,,
2,10/8/2015 16:55,10,Thursday,16:55,Transfer,Metrorail,,Pentagon,StoredValue FF,0,11,,
1,10/8/2015 16:39,10,Thursday,16:39,Entry,Metrobus,7P,,StoredValue FF,-1.75,11,,
0,10/6/2015 22:21,10,Tuesday,22:21,Transfer,Metrobus,16J,,StoredValue FF,-1.25,12.75,,
15,10/6/2015 22:05,10,Tuesday,22:05,Exit,Metrorail,McPherson Square,Pentagon,StoredValue FF,-1.8,14,,
14,10/6/2015 21:43,10,Tuesday,21:43,Entry,Metrorail,McPherson Square,,StoredValue FF,0,15.8,,
13,10/6/2015 18:04,10,Tuesday,18:04,Exit,Metrorail,,McPherson Square,StoredValue FF,-1.7,15.8,,
12,10/6/2015 17:37,10,Tuesday,17:37,Transfer,Metrorail,,Pentagon,StoredValue FF,0,17.5,,
11,10/6/2015 17:25,10,Tuesday,17:25,Entry,Metrobus,7P,,StoredValue FF,-1.75,17.5,,
10,10/1/2015 22:31,10,Thursday,22:31,Transfer,Metrobus,16B,,StoredValue FF,-1.25,19.25,,
9,10/1/2015 22:28,10,Thursday,22:28,Exit,Metrorail,McPherson Square,Pentagon,StoredValue FF,-1.8,20.5,,
8,10/1/2015 22:07,10,Thursday,22:07,Entry,Metrorail,McPherson Square,,StoredValue FF,0,22.3,,
7,10/1/2015 18:18,10,Thursday,18:18,Exit,Metrorail,,McPherson Square,StoredValue FF,-1.7,22.3,,
6,10/1/2015 17:52,10,Thursday,17:52,Transfer,Metrorail,,Pentagon,StoredValue FF,0,24,,
5,10/1/2015 17:36,10,Thursday,17:36,Entry,Metrobus,7W,,StoredValue FF,-1.75,24,,
4,9/29/2015 22:14,9,Tuesday,22:14,Transfer,Metrobus,16B,,StoredValue FF,-1.25,25.75,,
3,9/29/2015 22:05,9,Tuesday,22:05,Exit,Metrorail,McPherson Square,Pentagon,StoredValue FF,-1.8,27,,
1,9/29/2015 21:48,9,Tuesday,21:48,Threshold Autoload,Metrorail,McPherson Square,,StoredValue FF,20,28.8,,
2,9/29/2015 21:48,9,Tuesday,21:48,Entry,Metrorail,McPherson Square,,StoredValue FF,0,28.8,,
0,9/29/2015 18:24,9,Tuesday,18:24,Exit,Metrorail,,McPherson Square,StoredValue FF,-1.7,8.8,,
15,9/29/2015 18:08,9,Tuesday,18:08,Transfer,Metrorail,,Pentagon,StoredValue FF,0,10.5,,
14,9/29/2015 17:36,9,Tuesday,17:36,Entry,Metrobus,16A,,StoredValue FF,-1.75,10.5,,
13,9/29/2015 7:10,9,Tuesday,7:10,Transfer,Metrobus,16J,,StoredValue FF,-1.25,12.25,,
12,9/29/2015 7:07,9,Tuesday,7:07,Exit,Metrorail,National Airport,Pentagon,StoredValue FF,-2.15,13.5,,
11,9/29/2015 7:00,9,Tuesday,7:00,Entry,Metrorail,National Airport,,StoredValue FF,0,15.65,,
10,9/22/2015 22:06,9,Tuesday,22:06,Transfer,Metrobus,16B,,StoredValue FF,-1.25,15.65,,
9,9/22/2015 22:03,9,Tuesday,22:03,Exit,Metrorail,McPherson Square,Pentagon,StoredValue FF,-1.8,16.9,,
8,9/22/2015 21:47,9,Tuesday,21:47,Entry,Metrorail,McPherson Square,,StoredValue FF,0,18.7,,
7,9/22/2015 12:29,9,Tuesday,12:29,Transfer,Metrobus,16A,,StoredValue FF,0,18.7,,
6,9/22/2015 12:24,9,Tuesday,12:24,Exit,Metrorail,,Pentagon,StoredValue FF,-3.1,18.7,,
5,9/22/2015 11:31,9,Tuesday,11:31,Transfer,Metrorail,,Greenbelt,StoredValue FF,0,21.8,,
3,9/22/2015 11:05,9,Tuesday,11:05,Threshold Autoload,Metrobus,B32,,StoredValue FF,20,28.8,,
4,9/22/2015 11:05,9,Tuesday,11:05,Entry,Metrobus,B33,,StoredValue FF,-7,21.8,,
2,9/16/2015 21:53,9,Wednesday,21:53,Exit,Metrorail,,Union Station,StoredValue FF,-1.45,8.8,,
1,9/16/2015 21:20,9,Wednesday,21:20,Transfer,Metrorail,,Pentagon,StoredValue FF,0,10.25,,
0,9/16/2015 20:48,9,Wednesday,20:48,Entry,Metrobus,16J,,StoredValue FF,-1.75,10.25,,
15,9/16/2015 18:59,9,Wednesday,18:59,Transfer,Metrobus,16A,,StoredValue FF,-1.25,12,,
14,9/16/2015 18:57,9,Wednesday,18:57,Exit,Metrorail,,Pentagon,StoredValue FF,-2.8,13.25,,
13,9/16/2015 18:30,9,Wednesday,18:30,Entry,Metrorail,Woodley Park-Zoo,,StoredValue FF,0,16.05,,
12,9/16/2015 15:23,9,Wednesday,15:23,Exit,Metrorail,Foggy Bottom,Woodley Park-Zoo,StoredValue FF,-2.15,16.05,,
11,9/16/2015 15:00,9,Wednesday,15:00,Entry,Metrorail,Foggy Bottom,,StoredValue FF,0,18.2,,
10,9/16/2015 13:41,9,Wednesday,13:41,Exit,Metrorail,,Rosslyn,StoredValue FF,-1.25,18.2,,
9,9/16/2015 13:21,9,Wednesday,13:21,Transfer,Metrorail,,Pentagon,StoredValue FF,0,19.45,,
8,9/16/2015 12:54,9,Wednesday,12:54,Entry,Metrobus,16A,,StoredValue FF,-1.75,19.45,,
7,9/13/2015 17:49,9,Sunday,17:49,Exit,Metrorail,Dupont Circle,National Airport,StoredValue FF,-2.3,21.2,,
6,9/13/2015 16:50,9,Sunday,16:50,Entry,Metrorail,Dupont Circle,,StoredValue FF,0,23.5,,
5,9/13/2015 13:00,9,Sunday,13:00,Exit,Metrorail,National Airport,National Airport,StoredValue FF,-1.75,23.5,,
4,9/13/2015 12:56,9,Sunday,12:56,Entry,Metrorail,National Airport,,StoredValue FF,0,25.25,,
3,9/7/2015 23:59,9,Monday,23:59,Transfer,Metrobus,16E,,StoredValue FF,-1.25,25.25,,
2,9/7/2015 23:54,9,Monday,23:54,Exit,Metrorail,Union Station,Pentagon,StoredValue FF,-1.95,26.5,,
1,9/7/2015 23:12,9,Monday,23:12,Entry,Metrorail,Union Station,,StoredValue FF,0,28.45,,
0,8/31/2015 0:26,8,Monday,0:26,Transfer,Metrobus,16E,,StoredValue FF,-1.25,28.45,,
15,8/31/2015 0:26,8,Monday,0:26,Threshold Autoload,Metrobus,16E,,StoredValue FF,20,29.7,,
14,8/31/2015 0:10,8,Monday,0:10,Exit,Metrorail,Union Station,Pentagon,StoredValue FF,-1.95,9.7,,
13,8/30/2015 23:20,8,Sunday,23:20,Entry,Metrorail,Union Station,,StoredValue FF,0,11.65,,
12,8/28/2015 17:39,8,Friday,17:39,Exit,Metrorail,,Union Station,StoredValue FF,-1.9,11.65,,
11,8/28/2015 17:16,8,Friday,17:16,Transfer,Metrorail,,Pentagon,StoredValue FF,0,13.55,,
10,8/28/2015 17:07,8,Friday,17:07,Entry,Metrobus,7P,,StoredValue FF,-1.75,13.55,,
9,8/22/2015 23:14,8,Saturday,23:14,Transfer,Metrobus,16E,,StoredValue FF,-1.25,15.3,,
8,8/22/2015 23:00,8,Saturday,23:00,Exit,Metrorail,National Airport,Pentagon,StoredValue FF,-1.75,16.55,,
7,8/22/2015 22:43,8,Saturday,22:43,Entry,Metrorail,National Airport,,StoredValue FF,0,18.3,,
6,8/15/2015 14:49,8,Saturday,14:49,Transfer,Metrobus,B31,,StoredValue FF,-5.25,18.3,,
5,8/15/2015 14:24,8,Saturday,14:24,Exit,Metrorail,,Greenbelt,StoredValue FF,-3.1,23.55,,
4,8/15/2015 13:38,8,Saturday,13:38,Transfer,Metrorail,,Pentagon,StoredValue FF,0,26.65,,
3,8/15/2015 13:12,8,Saturday,13:12,Entry,Metrobus,16B,,StoredValue FF,-1.75,26.65,,
2,8/14/2015 23:38,8,Friday,23:38,Transfer,Metrobus,TEST - TEST LINE,,StoredValue FF,-1.25,28.4,,
1,8/14/2015 23:38,8,Friday,23:38,Threshold Autoload,Metrobus,TEST - TEST LINE,,StoredValue FF,20,29.65,,
0,8/14/2015 23:13,8,Friday,23:13,Exit,Metrorail,,Pentagon,StoredValue FF,-1.75,9.65,,
15,8/14/2015 22:57,8,Friday,22:57,Entry,Metrorail,Archives,,StoredValue FF,0,11.4,,
14,8/14/2015 17:28,8,Friday,17:28,Exit,Metrorail,,Archives,StoredValue FF,-1.65,11.4,,
13,8/14/2015 17:20,8,Friday,17:20,Transfer,Metrorail,,Pentagon,StoredValue FF,0,13.05,,
12,8/14/2015 17:10,8,Friday,17:10,Entry,Metrobus,7P,,StoredValue FF,-1.75,13.05,,
11,8/9/2015 16:00,8,Sunday,16:00,Transfer,Metrobus,16B,,StoredValue FF,-1.25,14.8,,
10,8/9/2015 15:49,8,Sunday,15:49,Exit,Metrorail,New Carrollton,Pentagon,StoredValue FF,-3.6,16.05,,
9,8/9/2015 14:57,8,Sunday,14:57,Entry,Metrorail,New Carrollton,,StoredValue FF,0,19.65,,
8,8/7/2015 20:10,8,Friday,20:10,Entry,Metrobus,28A,,StoredValue FF,-1.75,19.65,,
7,7/22/2015 23:21,7,Wednesday,23:21,Transfer,Metrobus,16B,,StoredValue FF,-1.25,21.4,,
6,7/22/2015 23:10,7,Wednesday,23:10,Exit,Metrorail,Foggy Bottom,Pentagon,StoredValue FF,-1.75,22.65,,
5,7/22/2015 22:43,7,Wednesday,22:43,Entry,Metrorail,Foggy Bottom,,StoredValue FF,0,24.4,,
4,7/22/2015 17:50,7,Wednesday,17:50,Entry,Metrobus,7C,,StoredValue FF,-1.75,24.4,,
3,7/21/2015 20:49,7,Tuesday,20:49,Entry,Metrobus,28A,,StoredValue FF,-1.75,26.15,,
1,7/21/2015 15:44,7,Tuesday,15:44,Threshold Autoload,Metrobus,28X,,StoredValue FF,20,29.65,,
2,7/21/2015 15:44,7,Tuesday,15:44,Entry,Metrobus,28X,,StoredValue FF,-1.75,27.9,,
0,7/16/2015 20:16,7,Thursday,20:16,Transfer,Metrobus,16J,,StoredValue FF,-1.25,9.65,,
15,7/16/2015 19:56,7,Thursday,19:56,Exit,Metrorail,,Pentagon,StoredValue FF,-1.8,10.9,,
14,7/16/2015 19:40,7,Thursday,19:40,Entry,Metrorail,McPherson Square,,StoredValue FF,0,12.7,,
13,7/16/2015 18:05,7,Thursday,18:05,Exit,Metrorail,,McPherson Square,StoredValue FF,-1.7,12.7,,
12,7/16/2015 17:44,7,Thursday,17:44,Transfer,Metrorail,,Pentagon,StoredValue FF,0,14.4,,
11,7/16/2015 17:29,7,Thursday,17:29,Entry,Metrobus,7P,,StoredValue FF,-1.75,14.4,,
10,7/11/2015 21:15,7,Saturday,21:15,Transfer,Metrobus,16J,,StoredValue FF,-1.25,16.15,,
9,7/11/2015 20:59,7,Saturday,20:59,Exit,Metrorail,L'Enfant Plaza,Pentagon,StoredValue FF,-1.75,17.4,,
8,7/11/2015 20:46,7,Saturday,20:46,Entry,Metrorail,L'Enfant Plaza,,StoredValue FF,0,19.15,,
7,7/11/2015 17:09,7,Saturday,17:09,Exit,Metrorail,,L'Enfant Plaza,StoredValue FF,-1.25,19.15,,
6,7/11/2015 16:56,7,Saturday,16:56,Transfer,Metrorail,,Pentagon,StoredValue FF,0,20.4,,
5,7/11/2015 16:48,7,Saturday,16:48,Entry,Metrobus,7F,,StoredValue FF,-1.75,20.4,,
4,6/26/2015 22:05,6,Friday,22:05,Transfer,Metrobus,16B,,StoredValue FF,-1.25,22.15,,
3,6/26/2015 21:56,6,Friday,21:56,Exit,Metrorail,Gallery Place,Pentagon,StoredValue FF,-1.75,23.4,,
2,6/26/2015 21:30,6,Friday,21:30,Entry,Metrorail,Gallery Place,,StoredValue FF,0,25.15,,
1,6/26/2015 17:51,6,Friday,17:51,Exit,Metrorail,,Archives,StoredValue FF,-1.65,25.15,,
0,6/26/2015 17:43,6,Friday,17:43,Transfer,Metrorail,,Pentagon,StoredValue FF,0,26.8,,
15,6/26/2015 17:30,6,Friday,17:30,Entry,Metrobus,7P,,StoredValue FF,-1.75,26.8,,
13,6/25/2015 23:03,6,Thursday,23:03,Threshold Autoload,Metrobus,16B,,StoredValue FF,20,29.8,,
14,6/25/2015 23:03,6,Thursday,23:03,Transfer,Metrobus,16B,,StoredValue FF,-1.25,28.55,,
12,6/25/2015 22:50,6,Thursday,22:50,Exit,Metrorail,Franconia-Springfield,Pentagon,StoredValue FF,-3.6,9.8,,
11,6/25/2015 22:14,6,Thursday,22:14,Entry,Metrorail,Franconia-Springfield,,StoredValue FF,0,13.4,,
10,6/25/2015 18:35,6,Thursday,18:35,Transfer,FFC Bus,623,,StoredValue FF,0,13.4,,
9,6/25/2015 18:23,6,Thursday,18:23,Exit,Metrorail,,Vienna,StoredValue FF,-4.65,13.4,,
8,6/25/2015 17:19,6,Thursday,17:19,Transfer,Metrorail,,Pentagon,StoredValue FF,0,18.05,,
7,6/25/2015 17:08,6,Thursday,17:08,Entry,Metrobus,7P,,StoredValue FF,-1.75,18.05,,
6,6/19/2015 20:50,6,Friday,20:50,Entry,Metrobus,28A,,StoredValue FF,-1.75,19.8,,
5,6/14/2015 15:38,6,Sunday,15:38,Transfer,Metrobus,16P,,StoredValue FF,0,21.55,,
4,6/14/2015 15:18,6,Sunday,15:18,Exit,Metrorail,,Pentagon,StoredValue FF,-3.1,21.55,,
3,6/14/2015 14:32,6,Sunday,14:32,Transfer,Metrorail,,College Park,StoredValue FF,0,24.65,,
2,6/14/2015 14:18,6,Sunday,14:18,Threshold Autoload,Metrobus,Northern,,StoredValue FF,20,24.65,,
1,6/14/2015 13:47,6,Sunday,13:47,Entry,Metrobus,B30,,StoredValue FF,-7,4.65,,
0,6/13/2015 8:18,6,Saturday,8:18,Exit,Metrorail,,Union Station,StoredValue FF,-1.45,11.65,,
15,6/13/2015 7:47,6,Saturday,7:47,Transfer,Metrorail,,Pentagon,StoredValue FF,0,13.1,,
14,6/13/2015 7:15,6,Saturday,7:15,Entry,Metrobus,16B,,StoredValue FF,-1.75,13.1,,
13,6/12/2015 18:59,6,Friday,18:59,Entry,Metrobus,28A,,StoredValue FF,-1.75,14.85,,
12,6/12/2015 14:18,6,Friday,14:18,Entry,Metrobus,28A,,StoredValue FF,-1.75,16.6,,
11,6/1/2015 16:10,6,Monday,16:10,Entry,Metrobus,29K,,StoredValue FF,-1.75,18.35,,
10,6/1/2015 12:02,6,Monday,12:02,Entry,FFC Bus,306,,StoredValue FF,-1.75,20.1,,
9,5/30/2015 6:33,5,Saturday,6:33,Entry,Metrobus,16B,,StoredValue FF,-1.75,21.85,,
8,5/28/2015 21:58,5,Thursday,21:58,Transfer,Metrobus,7A,,StoredValue FF,-1.25,23.6,,
7,5/28/2015 21:48,5,Thursday,21:48,Exit,Metrorail,Foggy Bottom,Pentagon,StoredValue FF,-1.75,24.85,,
6,5/28/2015 21:34,5,Thursday,21:34,Entry,Metrorail,Foggy Bottom,,StoredValue FF,0,26.6,,
5,5/21/2015 21:40,5,Thursday,21:40,Transfer,Metrobus,16A,,StoredValue FF,-1.25,26.6,,
4,5/21/2015 21:35,5,Thursday,21:35,Exit,Metrorail,,Pentagon,StoredValue FF,-1.75,27.85,,
1,5/21/2015 17:31,5,Thursday,17:31,Exit,Metrorail,,Gallery Place,StoredValue FF,-1.65,9.6,,
0,5/21/2015 17:17,5,Thursday,17:17,Transfer,Metrorail,,Pentagon,StoredValue FF,0,11.25,,
15,5/21/2015 17:07,5,Thursday,17:07,Entry,Metrobus,7P,,StoredValue FF,-1.75,11.25,,
14,5/20/2015 18:00,5,Wednesday,18:00,Transfer,FFC Bus,623,,StoredValue FF,0,13,,
13,5/20/2015 17:58,5,Wednesday,17:58,Exit,Metrorail,,Vienna,StoredValue FF,-4.65,13,,
12,5/20/2015 17:16,5,Wednesday,17:16,Transfer,Metrorail,,Pentagon,StoredValue FF,0,17.65,,
11,5/20/2015 17:07,5,Wednesday,17:07,Entry,Metrobus,7P,,StoredValue FF,-1.75,17.65,,
10,5/13/2015 18:03,5,Wednesday,18:03,Transfer,Metrobus,2B,,StoredValue FF,0,19.4,,
9,5/13/2015 17:58,5,Wednesday,17:58,Exit,Metrorail,,Vienna,StoredValue FF,-4.65,19.4,,
8,5/13/2015 17:18,5,Wednesday,17:18,Transfer,Metrorail,,Pentagon,StoredValue FF,0,24.05,,
7,5/13/2015 17:04,5,Wednesday,17:04,Entry,Metrobus,7P,,StoredValue FF,-1.75,24.05,,
6,5/8/2015 13:25,5,Friday,13:25,Entry,Metrobus,7F,,StoredValue FF,-1.75,25.8,,
5,5/8/2015 13:21,5,Friday,13:21,Exit,Metrorail,,Pentagon,StoredValue FF,-1.25,27.55,,
4,5/8/2015 13:06,5,Friday,13:06,Transfer,Metrorail,,L'Enfant Plaza,StoredValue FF,0,28.8,,
3,5/8/2015 13:06,5,Friday,13:06,Threshold Autoload,Metrorail,L'Enfant Plaza,,StoredValue FF,20,28.8,,
2,5/8/2015 11:46,5,Friday,11:46,Exit,Metrorail,,Archives,StoredValue FF,-1.25,8.8,,
1,5/8/2015 11:32,5,Friday,11:32,Transfer,Metrorail,,Pentagon,StoredValue FF,0,10.05,,
0,5/8/2015 11:19,5,Friday,11:19,Entry,Metrobus,7F,,StoredValue FF,-1.75,10.05,,
15,5/6/2015 18:00,5,Wednesday,18:00,Transfer,FFC Bus,623,,StoredValue FF,0,11.8,,
14,5/6/2015 17:59,5,Wednesday,17:59,Exit,Metrorail,,Vienna,StoredValue FF,-4.65,11.8,,
13,5/6/2015 17:17,5,Wednesday,17:17,Transfer,Metrorail,,Pentagon,StoredValue FF,0,16.45,,
12,5/6/2015 17:06,5,Wednesday,17:06,Entry,Metrobus,7P,,StoredValue FF,-1.75,16.45,,
11,5/3/2015 11:00,5,Sunday,11:00,Transfer,Metrobus,16P,,StoredValue FF,0,18.2,,
10,5/3/2015 10:47,5,Sunday,10:47,Exit,Metrorail,,Pentagon,StoredValue FF,-1.3,18.2,,
9,5/3/2015 10:15,5,Sunday,10:15,Transfer,Metrorail,,Farragut West,StoredValue FF,0,19.5,,
8,5/3/2015 10:02,5,Sunday,10:02,Entry,Metrobus,L4,,StoredValue FF,-1.75,19.5,,
1,12/3/2013 16:55,12,Tuesday,16:55,Entry,DC Circulator,Georgetown - Union,,Stored ValueALP SB Trn FF,0,14.5,0,154.8
6,5/2/2015 22:07,5,Saturday,22:07,Exit,Metrorail,,Woodley Park-Zoo,StoredValue FF,-1.7,21.25,,
5,5/2/2015 21:34,5,Saturday,21:34,Transfer,Metrorail,,Pentagon,StoredValue FF,0,22.95,,
4,5/2/2015 21:06,5,Saturday,21:06,Entry,Metrobus,16B,,StoredValue FF,-1.75,22.95,,
3,4/25/2015 17:02,4,Saturday,17:02,Transfer,Metrobus,16B,,StoredValue FF,-1.25,24.7,,
2,4/25/2015 16:45,4,Saturday,16:45,Exit,Metrorail,Gallery Place,Pentagon,StoredValue FF,-1.75,25.95,,
1,4/25/2015 16:28,4,Saturday,16:28,Entry,Metrorail,Gallery Place,,StoredValue FF,0,27.7,,
0,4/25/2015 12:26,4,Saturday,12:26,Exit,Metrorail,,Gallery Place,StoredValue FF,-1.25,27.7,,
15,4/25/2015 12:10,4,Saturday,12:10,Transfer,Metrorail,,Pentagon,StoredValue FF,0,28.95,,
14,4/25/2015 12:10,4,Saturday,12:10,Threshold Autoload,Metrorail,Pentagon,,StoredValue FF,20,28.95,,
13,4/25/2015 11:40,4,Saturday,11:40,Entry,Metrobus,16J,,StoredValue FF,-1.75,8.95,,
12,4/19/2015 2:13,4,Sunday,2:13,Transfer,Metrobus,16E,,StoredValue FF,-1.25,10.7,,
11,4/19/2015 2:03,4,Sunday,2:03,Exit,Metrorail,Foggy Bottom,Pentagon,StoredValue FF,-2.15,11.95,,
10,4/19/2015 1:46,4,Sunday,1:46,Entry,Metrorail,Foggy Bottom,,StoredValue FF,0,14.1,,
13,1/9/2014 10:50,1,Thursday,10:50,Entry,DC Circulator,Rosslyn - Dupont,,Stored ValueALP SB Trn FF,0,14.5,0,156.9
8,4/18/2015 13:19,4,Saturday,13:19,Exit,Metrorail,,Foggy Bottom,StoredValue FF,-1.25,15.1,,
7,4/18/2015 13:06,4,Saturday,13:06,Transfer,Metrorail,,Pentagon,StoredValue FF,0,16.35,,
6,4/18/2015 12:36,4,Saturday,12:36,Entry,Metrobus,16B,,StoredValue FF,-1.75,16.35,,
5,4/14/2015 17:53,4,Tuesday,17:53,Transfer,Metrobus,28A,,StoredValue FF,-0.15,18.1,,
4,4/14/2015 17:24,4,Tuesday,17:24,Entry,DASH Bus,6,,StoredValue FF,-1.6,18.25,,
3,4/12/2015 11:36,4,Sunday,11:36,Exit,Metrorail,Pentagon,Archives,StoredValue FF,-1.75,19.85,,
2,4/12/2015 11:14,4,Sunday,11:14,Entry,Metrorail,Pentagon,,StoredValue FF,0,21.6,,
1,4/11/2015 19:48,4,Saturday,19:48,Exit,Metrorail,Smithsonian,King Street,StoredValue FF,-2.75,21.6,,
0,4/11/2015 18:54,4,Saturday,18:54,Entry,Metrorail,Smithsonian,,StoredValue FF,0,24.35,,
15,4/11/2015 14:29,4,Saturday,14:29,Exit,Metrorail,King Street,Foggy Bottom,StoredValue FF,-2.9,24.35,,
14,4/11/2015 14:02,4,Saturday,14:02,Entry,Metrorail,King Street,,StoredValue FF,0,27.25,,
12,4/9/2015 21:52,4,Thursday,21:52,Threshold Autoload,Metrobus,28A,,StoredValue FF,20,29,,
13,4/9/2015 21:52,4,Thursday,21:52,Entry,Metrobus,28A,,StoredValue FF,-1.75,27.25,,
11,4/4/2015 22:45,4,Saturday,22:45,Transfer,Metrobus,16J,,StoredValue FF,-1.25,9,,
10,4/4/2015 22:33,4,Saturday,22:33,Exit,Metrorail,Union Station,Pentagon,StoredValue FF,-1.95,10.25,,
9,4/4/2015 22:07,4,Saturday,22:07,Entry,Metrorail,Union Station,,StoredValue FF,0,12.2,,
8,4/4/2015 8:30,4,Saturday,8:30,Exit,Metrorail,,Union Station,StoredValue FF,-1.45,12.2,,
7,4/4/2015 8:00,4,Saturday,8:00,Transfer,Metrorail,,Pentagon,StoredValue FF,0,13.65,,
6,4/4/2015 7:31,4,Saturday,7:31,Entry,Metrobus,16J,,StoredValue FF,-1.75,13.65,,
5,4/3/2015 15:33,4,Friday,15:33,Transfer,Metrobus,28A,,StoredValue FF,-0.15,15.4,,
4,4/3/2015 15:22,4,Friday,15:22,Entry,DASH Bus,6,,StoredValue FF,-1.6,15.55,,
3,3/26/2015 22:03,3,Thursday,22:03,Transfer,Metrobus,16B,,StoredValue FF,-1.25,17.15,,
2,3/26/2015 22:00,3,Thursday,22:00,Exit,Metrorail,Rosslyn,Pentagon,StoredValue FF,-1.75,18.4,,
1,3/26/2015 21:44,3,Thursday,21:44,Entry,Metrorail,Rosslyn,,StoredValue FF,0,20.15,,
0,3/21/2015 23:23,3,Saturday,23:23,Transfer,Metrobus,16E,,StoredValue FF,-1.25,20.15,,
15,3/21/2015 23:16,3,Saturday,23:16,Exit,Metrorail,Crystal City,Pentagon,StoredValue FF,-1.75,21.4,,
14,3/21/2015 22:53,3,Saturday,22:53,Entry,Metrorail,Crystal City,,StoredValue FF,0,23.15,,
13,3/21/2015 19:26,3,Saturday,19:26,Exit,Metrorail,Archives,Crystal City,StoredValue FF,-1.9,23.15,,
12,3/21/2015 18:55,3,Saturday,18:55,Entry,Metrorail,Archives,,StoredValue FF,0,25.05,,
11,3/21/2015 17:15,3,Saturday,17:15,Exit,Metrorail,,Archives,StoredValue FF,-1.25,25.05,,
10,3/21/2015 16:44,3,Saturday,16:44,Transfer,Metrorail,,Pentagon,StoredValue FF,0,26.3,,
9,3/21/2015 16:11,3,Saturday,16:11,Entry,Metrobus,16J,,StoredValue FF,-1.75,26.3,,
8,3/20/2015 19:19,3,Friday,19:19,Transfer,Metrobus,28A,,StoredValue FF,-0.15,28.05,,
6,3/20/2015 18:53,3,Friday,18:53,Threshold Autoload,DASH Bus,6,,StoredValue FF,20,29.8,,
7,3/20/2015 18:53,3,Friday,18:53,Entry,DASH Bus,6,,StoredValue FF,-1.6,28.2,,
5,3/15/2015 16:15,3,Sunday,16:15,Entry,Metrobus,28A,,StoredValue FF,-1.75,9.8,,
4,3/15/2015 12:14,3,Sunday,12:14,Entry,Metrobus,28A,,StoredValue FF,-1.75,11.55,,
3,3/10/2015 18:56,3,Tuesday,18:56,Transfer,Metrobus,28A,,StoredValue FF,-0.15,13.3,,
2,3/10/2015 18:45,3,Tuesday,18:45,Entry,DASH Bus,6,,StoredValue FF,-1.6,13.45,,
1,3/4/2015 18:11,3,Wednesday,18:11,Transfer,Metrobus,28A,,StoredValue FF,-0.15,15.05,,
0,3/4/2015 18:04,3,Wednesday,18:04,Entry,DASH Bus,6,,StoredValue FF,-1.6,15.2,,
15,2/25/2015 22:19,2,Wednesday,22:19,Transfer,Metrobus,16A,,StoredValue FF,-1.25,16.8,,
14,2/25/2015 22:17,2,Wednesday,22:17,Exit,Metrorail,Foggy Bottom,Pentagon,StoredValue FF,-1.75,18.05,,
13,2/25/2015 21:41,2,Wednesday,21:41,Entry,Metrorail,Foggy Bottom,,StoredValue FF,0,19.8,,
12,2/25/2015 17:32,2,Wednesday,17:32,Exit,Metrorail,,Foggy Bottom,StoredValue FF,-1.65,19.8,,
11,2/25/2015 17:16,2,Wednesday,17:16,Transfer,Metrorail,,Pentagon,StoredValue FF,0,21.45,,
10,2/25/2015 17:04,2,Wednesday,17:04,Entry,Metrobus,7P,,StoredValue FF,-1.75,21.45,,
9,2/24/2015 22:04,2,Tuesday,22:04,Transfer,Metrobus,16B,,StoredValue FF,-1.25,23.2,,
8,2/24/2015 21:58,2,Tuesday,21:58,Exit,Metrorail,Gallery Place,Pentagon,StoredValue FF,-1.75,24.45,,
7,2/24/2015 21:48,2,Tuesday,21:48,Entry,Metrorail,Gallery Place,,StoredValue FF,0,26.2,,
6,2/24/2015 18:35,2,Tuesday,18:35,Exit,Metrorail,,Gallery Place,StoredValue FF,-1.65,26.2,,
5,2/24/2015 17:59,2,Tuesday,17:59,Transfer,Metrorail,,Pentagon,StoredValue FF,0,27.85,,
3,2/24/2015 17:49,2,Tuesday,17:49,Threshold Autoload,Metrobus,7P,,StoredValue FF,20,29.6,,
4,2/24/2015 17:49,2,Tuesday,17:49,Entry,Metrobus,7P,,StoredValue FF,-1.75,27.85,,
2,2/18/2015 20:02,2,Wednesday,20:02,Entry,Metrobus,28A,,StoredValue FF,-1.75,9.6,,
1,2/18/2015 17:20,2,Wednesday,17:20,Transfer,Metrobus,28A,,StoredValue FF,-0.15,11.35,,
0,2/18/2015 17:08,2,Wednesday,17:08,Entry,DASH Bus,6,,StoredValue FF,-1.6,11.5,,
15,2/15/2015 10:57,2,Sunday,10:57,Transfer,Metrobus,16P,,StoredValue FF,0,13.1,,
14,2/15/2015 10:55,2,Sunday,10:55,Exit,Metrorail,,Pentagon,StoredValue FF,-1.3,13.1,,
13,2/15/2015 10:18,2,Sunday,10:18,Transfer,Metrorail,,Farragut West,StoredValue FF,0,14.4,,
12,2/15/2015 10:01,2,Sunday,10:01,Entry,Metrobus,30S,,StoredValue FF,-1.75,14.4,,
11,2/14/2015 18:32,2,Saturday,18:32,Transfer,Metrobus,L3,,StoredValue FF,0,16.15,,
10,2/14/2015 18:21,2,Saturday,18:21,Exit,Metrorail,,Farragut West,StoredValue FF,-1.3,16.15,,
9,2/14/2015 18:04,2,Saturday,18:04,Transfer,Metrorail,,Pentagon,StoredValue FF,0,17.45,,
8,2/14/2015 17:36,2,Saturday,17:36,Entry,Metrobus,16B,,StoredValue FF,-1.75,17.45,,
7,2/10/2015 17:20,2,Tuesday,17:20,Transfer,Metrobus,28A,,StoredValue FF,-0.15,19.2,,
6,2/10/2015 17:10,2,Tuesday,17:10,Entry,DASH Bus,6,,StoredValue FF,-1.6,19.35,,
5,2/9/2015 18:16,2,Monday,18:16,Transfer,Metrobus,28A,,StoredValue FF,-0.15,20.95,,
4,2/9/2015 17:54,2,Monday,17:54,Entry,DASH Bus,6,,StoredValue FF,-1.6,21.1,,
3,2/6/2015 17:23,2,Friday,17:23,Transfer,Metrobus,28X,,StoredValue FF,-0.15,22.7,,
2,2/6/2015 17:07,2,Friday,17:07,Entry,DASH Bus,6,,StoredValue FF,-1.6,22.85,,
1,2/5/2015 17:48,2,Thursday,17:48,Transfer,Metrobus,28A,,StoredValue FF,-0.15,24.45,,
0,2/5/2015 17:08,2,Thursday,17:08,Entry,DASH Bus,6,,StoredValue FF,-1.6,24.6,,
15,2/4/2015 17:43,2,Wednesday,17:43,Transfer,Metrobus,28A,,StoredValue FF,-0.15,26.2,,
14,2/4/2015 17:10,2,Wednesday,17:10,Entry,DASH Bus,6,,StoredValue FF,-1.6,26.35,,
13,2/3/2015 17:40,2,Tuesday,17:40,Transfer,Metrobus,28A,,StoredValue FF,-0.15,27.95,,
11,2/3/2015 17:24,2,Tuesday,17:24,Threshold Autoload,DASH Bus,6,,StoredValue FF,20,29.7,,
12,2/3/2015 17:24,2,Tuesday,17:24,Entry,DASH Bus,6,,StoredValue FF,-1.6,28.1,,
10,2/2/2015 0:29,2,Monday,0:29,Transfer,Metrobus,16E,,StoredValue FF,-1.25,9.7,,
9,2/2/2015 0:17,2,Monday,0:17,Exit,Metrorail,New York Ave,Pentagon,StoredValue FF,-2.1,10.95,,
8,2/1/2015 23:02,2,Sunday,23:02,Entry,Metrorail,New York Ave,,StoredValue FF,0,13.05,,
7,2/1/2015 17:50,2,Sunday,17:50,Exit,Metrorail,,New York Ave,StoredValue FF,-1.6,13.05,,
6,2/1/2015 17:27,2,Sunday,17:27,Transfer,Metrorail,,Pentagon,StoredValue FF,0,14.65,,
5,2/1/2015 16:49,2,Sunday,16:49,Entry,Metrobus,16B,,StoredValue FF,-1.75,14.65,,
4,1/31/2015 22:35,1,Saturday,22:35,Transfer,Metrobus,16B,,StoredValue FF,-1.25,16.4,,
3,1/31/2015 22:02,1,Saturday,22:02,Exit,Metrorail,Gallery Place,Pentagon,StoredValue FF,-1.75,17.65,,
2,1/31/2015 21:47,1,Saturday,21:47,Entry,Metrorail,Gallery Place,,StoredValue FF,0,19.4,,
1,1/31/2015 17:52,1,Saturday,17:52,Exit,Metrorail,,Mt Vernon Square,StoredValue FF,-1.35,19.4,,
0,1/31/2015 17:35,1,Saturday,17:35,Transfer,Metrorail,,Pentagon,StoredValue FF,0,20.75,,
15,1/31/2015 16:59,1,Saturday,16:59,Entry,Metrobus,16B,,StoredValue FF,-1.75,20.75,,
14,1/31/2015 1:46,1,Saturday,1:46,Exit,Metrorail,Foggy Bottom,Pentagon,StoredValue FF,-2.15,22.5,,
13,1/31/2015 1:30,1,Saturday,1:30,Entry,Metrorail,Foggy Bottom,,StoredValue FF,0,24.65,,
12,1/30/2015 21:24,1,Friday,21:24,Exit,Metrorail,,Dupont Circle,StoredValue FF,-1.45,24.65,,
11,1/30/2015 20:54,1,Friday,20:54,Transfer,Metrorail,,Pentagon,StoredValue FF,0,26.1,,
10,1/30/2015 20:31,1,Friday,20:31,Entry,Metrobus,16A,,StoredValue FF,-1.75,26.1,,
9,1/30/2015 17:10,1,Friday,17:10,Transfer,Metrobus,28A,,StoredValue FF,-0.15,27.85,,
8,1/30/2015 16:46,1,Friday,16:46,Entry,DASH Bus,6,,StoredValue FF,-1.6,28,,
6,1/29/2015 17:24,1,Thursday,17:24,Threshold Autoload,Metrobus,28A,,StoredValue FF,20,29.75,,
7,1/29/2015 17:24,1,Thursday,17:24,Transfer,Metrobus,28A,,StoredValue FF,-0.15,29.6,,
5,1/29/2015 17:07,1,Thursday,17:07,Entry,DASH Bus,6,,StoredValue FF,-1.6,9.75,,
4,1/28/2015 17:40,1,Wednesday,17:40,Entry,DASH Bus,6,,StoredValue FF,-1.6,11.35,,
3,1/27/2015 17:38,1,Tuesday,17:38,Transfer,Metrobus,28A,,StoredValue FF,-0.15,12.95,,
2,1/27/2015 17:08,1,Tuesday,17:08,Entry,DASH Bus,6,,StoredValue FF,-1.6,13.1,,
1,1/25/2015 16:02,1,Sunday,16:02,Transfer,Metrobus,16B,,StoredValue FF,-1.25,14.7,,
0,1/25/2015 15:33,1,Sunday,15:33,Exit,Metrorail,,Pentagon,StoredValue FF,-1.75,15.95,,
15,1/25/2015 15:15,1,Sunday,15:15,Entry,Metrorail,L'Enfant Plaza,,StoredValue FF,0,17.7,,
14,1/25/2015 13:26,1,Sunday,13:26,Exit,Metrorail,,L'Enfant Plaza,StoredValue FF,-1.25,17.7,,
13,1/25/2015 13:05,1,Sunday,13:05,Transfer,Metrorail,,Farragut West,StoredValue FF,0,18.95,,
1,1/13/2014 21:17,1,Monday,21:17,ALPO Object Update,DC Circulator,Georgetown - Union,,ALP SB Trn FF,0,14.5,25.1,154.1
2,1/13/2014 21:17,1,Monday,21:17,Entry,DC Circulator,Georgetown - Union,,Stored ValueALP SB Trn FF,0,14.5,-1,153.1
10,1/25/2015 12:04,1,Sunday,12:04,Exit,Metrorail,,Rosslyn,StoredValue FF,-1.25,18.95,,
9,1/25/2015 11:41,1,Sunday,11:41,Transfer,Metrorail,,Pentagon,StoredValue FF,0,20.2,,
8,1/25/2015 11:13,1,Sunday,11:13,Entry,Metrobus,16P,,StoredValue FF,-1.75,20.2,,
7,1/24/2015 15:01,1,Saturday,15:01,Transfer,Metrobus,16B,,StoredValue FF,-1.25,21.95,,
6,1/24/2015 14:58,1,Saturday,14:58,Exit,Metrorail,L'Enfant Plaza,Pentagon,StoredValue FF,-1.75,23.2,,
5,1/24/2015 14:36,1,Saturday,14:36,Entry,Metrorail,L'Enfant Plaza,,StoredValue FF,0,24.95,,
4,1/24/2015 11:22,1,Saturday,11:22,Entry,Metrobus,42,,StoredValue FF,-1.75,24.95,,
3,1/23/2015 22:11,1,Friday,22:11,Transfer,Metrobus,42,,StoredValue FF,0,26.7,,
2,1/23/2015 22:01,1,Friday,22:01,Exit,Metrorail,,Farragut West,StoredValue FF,-1.3,26.7,,
1,1/23/2015 21:42,1,Friday,21:42,Transfer,Metrorail,,Pentagon,StoredValue FF,0,28,,
0,1/23/2015 21:17,1,Friday,21:17,Entry,Metrobus,16A,,StoredValue FF,-1.75,28,,
14,1/22/2015 17:04,1,Thursday,17:04,Threshold Autoload,Metrobus,28A,,StoredValue FF,20,29.9,,
15,1/22/2015 17:04,1,Thursday,17:04,Transfer,Metrobus,28A,,StoredValue FF,-0.15,29.75,,
13,1/22/2015 16:54,1,Thursday,16:54,Entry,DASH Bus,6,,StoredValue FF,-1.6,9.9,,
12,1/20/2015 17:42,1,Tuesday,17:42,Entry,DASH Bus,6,,StoredValue FF,-1.6,11.5,,
11,1/15/2015 17:12,1,Thursday,17:12,Transfer,Metrobus,28A,,StoredValue FF,-0.15,13.1,,
10,1/15/2015 16:54,1,Thursday,16:54,Entry,DASH Bus,6,,StoredValue FF,-1.6,13.25,,
9,1/14/2015 18:12,1,Wednesday,18:12,Entry,DASH Bus,6,,StoredValue FF,-1.6,14.85,,
8,1/13/2015 19:39,1,Tuesday,19:39,Transfer,Metrobus,28A,,StoredValue FF,-0.15,16.45,,
7,1/13/2015 19:26,1,Tuesday,19:26,Entry,DASH Bus,6,,StoredValue FF,-1.6,16.6,,
6,1/11/2015 16:00,1,Sunday,16:00,Transfer,Metrobus,16B,,StoredValue FF,-1.25,18.2,,
5,1/11/2015 15:55,1,Sunday,15:55,Exit,Metrorail,Vienna,Pentagon,StoredValue FF,-3.6,19.45,,
4,1/11/2015 15:10,1,Sunday,15:10,Entry,Metrorail,Vienna,,StoredValue FF,0,23.05,,
3,1/7/2015 17:45,1,Wednesday,17:45,Transfer,Metrobus,28A,,StoredValue FF,-0.15,23.05,,
2,1/7/2015 17:26,1,Wednesday,17:26,Entry,DASH Bus,6,,StoredValue FF,-1.6,23.2,,
1,1/6/2015 17:08,1,Tuesday,17:08,Transfer,Metrobus,28A,,StoredValue FF,-0.15,24.8,,
0,1/6/2015 16:54,1,Tuesday,16:54,Entry,DASH Bus,6,,StoredValue FF,-1.6,24.95,,
15,1/4/2015 16:01,1,Sunday,16:01,Transfer,Metrobus,16B,,StoredValue FF,-1.25,26.55,,
14,1/4/2015 15:48,1,Sunday,15:48,Exit,Metrorail,Union Station,Pentagon,StoredValue FF,-1.95,27.8,,
12,1/4/2015 15:05,1,Sunday,15:05,Threshold Autoload,Metrorail,Union Station,,StoredValue FF,20,29.75,,
13,1/4/2015 15:05,1,Sunday,15:05,Entry,Metrorail,Union Station,,StoredValue FF,0,29.75,,
11,12/24/2014 14:22,12,Wednesday,14:22,Exit,Metrorail,,Union Station,StoredValue FF,-1.45,9.75,,
10,12/24/2014 13:55,12,Wednesday,13:55,Transfer,Metrorail,,Pentagon,StoredValue FF,0,11.2,,
9,12/24/2014 13:42,12,Wednesday,13:42,Entry,Metrobus,7A,,StoredValue FF,-1.75,11.2,,
8,12/22/2014 19:23,12,Monday,19:23,Transfer,Metrobus,28A,,StoredValue FF,-0.15,12.95,,
7,12/22/2014 19:07,12,Monday,19:07,Entry,DASH Bus,6,,StoredValue FF,-1.6,13.1,,
6,12/14/2014 0:36,12,Sunday,0:36,Transfer,Metrobus,16E,,StoredValue FF,-1.25,14.7,,
5,12/14/2014 0:14,12,Sunday,0:14,Exit,Metrorail,Mt Vernon Square,Pentagon,StoredValue FF,-1.85,15.95,,
4,12/13/2014 23:56,12,Saturday,23:56,Entry,Metrorail,Mt Vernon Square,,StoredValue FF,0,17.8,,
3,12/13/2014 13:21,12,Saturday,13:21,Exit,Metrorail,,Smithsonian,StoredValue FF,-1.25,17.8,,
2,12/13/2014 12:58,12,Saturday,12:58,Transfer,Metrorail,,Pentagon,StoredValue FF,0,19.05,,
1,12/13/2014 12:24,12,Saturday,12:24,Entry,Metrobus,16B,,StoredValue FF,-1.75,19.05,,
0,12/9/2014 17:10,12,Tuesday,17:10,Transfer,Metrobus,28A,,StoredValue FF,-0.15,20.8,,
15,12/9/2014 16:56,12,Tuesday,16:56,Entry,DASH Bus,6,,StoredValue FF,-1.6,20.95,,
14,11/30/2014 18:58,11,Sunday,18:58,Transfer,Metrobus,16B,,StoredValue FF,-1.25,22.55,,
13,11/30/2014 18:32,11,Sunday,18:32,Exit,Metrorail,Union Station,Pentagon,StoredValue FF,-1.95,23.8,,
12,11/30/2014 18:02,11,Sunday,18:02,Entry,Metrorail,Union Station,,StoredValue FF,0,25.75,,
11,11/26/2014 16:34,11,Wednesday,16:34,Exit,Metrorail,,Union Station,StoredValue FF,-1.9,25.75,,
10,11/26/2014 16:16,11,Wednesday,16:16,Transfer,Metrorail,,Pentagon,StoredValue FF,0,27.65,,
8,11/26/2014 16:05,11,Wednesday,16:05,Threshold Autoload,Metrobus,7P,,StoredValue FF,20,29.4,,
9,11/26/2014 16:05,11,Wednesday,16:05,Entry,Metrobus,7P,,StoredValue FF,-1.75,27.65,,
7,11/22/2014 19:15,11,Saturday,19:15,Transfer,Metrobus,16J,,StoredValue FF,-1.25,9.4,,
6,11/22/2014 19:01,11,Saturday,19:01,Exit,Metrorail,Gallery Place,Pentagon,StoredValue FF,-1.75,10.65,,
5,11/22/2014 18:47,11,Saturday,18:47,Entry,Metrorail,Gallery Place,,StoredValue FF,0,12.4,,
4,11/22/2014 12:26,11,Saturday,12:26,Exit,Metrorail,,Gallery Place,StoredValue FF,-1.25,12.4,,
3,11/22/2014 12:02,11,Saturday,12:02,Transfer,Metrorail,,Pentagon,StoredValue FF,0,13.65,,
2,11/22/2014 11:24,11,Saturday,11:24,Entry,Metrobus,16B,,StoredValue FF,-1.75,13.65,,
1,11/17/2014 10:39,11,Monday,10:39,Transfer,DASH Bus,6,,StoredValue FF,0,15.4,,
0,11/17/2014 10:21,11,Monday,10:21,Entry,Metrobus,28A,,StoredValue FF,-1.75,15.4,,
15,11/9/2014 23:59,11,Sunday,23:59,Transfer,Metrobus,16E,,StoredValue FF,-1.25,17.15,,
14,11/9/2014 23:39,11,Sunday,23:39,Exit,Metrorail,Gallery Place,Pentagon,StoredValue FF,-1.75,18.4,,
13,11/9/2014 23:13,11,Sunday,23:13,Entry,Metrorail,Gallery Place,,StoredValue FF,0,20.15,,
3,2/5/2014 21:08,2,Wednesday,21:08,ALPO Object Update,DC Circulator,Georgetown - Union,,ALP SB Trn FF,0,14.5,0,129
11,11/9/2014 15:57,11,Sunday,15:57,Exit,Metrorail,Gallery Place,Dupont Circle,StoredValue FF,-1.75,20.65,,
10,11/9/2014 15:36,11,Sunday,15:36,Entry,Metrorail,Gallery Place,,StoredValue FF,0,22.4,,
9,11/9/2014 12:15,11,Sunday,12:15,Exit,Metrorail,,L'Enfant Plaza,StoredValue FF,-1.25,22.4,,
8,11/9/2014 11:50,11,Sunday,11:50,Transfer,Metrorail,,Pentagon,StoredValue FF,0,23.65,,
7,11/9/2014 11:14,11,Sunday,11:14,Entry,Metrobus,16P,,StoredValue FF,-1.75,23.65,,
6,10/26/2014 16:33,10,Sunday,16:33,Transfer,Metrobus,28A,,StoredValue FF,-1.25,25.4,,
5,10/26/2014 16:32,10,Sunday,16:32,Exit,Metrorail,Rosslyn,King Street,StoredValue FF,-2.7,26.65,,
4,10/26/2014 15:58,10,Sunday,15:58,Entry,Metrorail,Rosslyn,,StoredValue FF,0,29.35,,
2,10/23/2014 10:08,10,Thursday,10:08,Threshold Autoload,DASH Bus,6,,StoredValue FF,20,29.35,,
3,10/23/2014 10:08,10,Thursday,10:08,Transfer,DASH Bus,6,,StoredValue FF,0,29.35,,
1,10/23/2014 9:43,10,Thursday,9:43,Entry,Metrobus,28A,,StoredValue FF,-1.75,9.35,,
0,10/21/2014 21:11,10,Tuesday,21:11,Entry,Metrobus,16G,,StoredValue FF,-1.75,11.1,,
15,10/21/2014 17:46,10,Tuesday,17:46,Entry,Metrobus,7P,,StoredValue FF,-1.75,12.85,,
14,10/15/2014 18:01,10,Wednesday,18:01,Transfer,Metrobus,28A,,StoredValue FF,-0.15,14.6,,
13,10/15/2014 17:42,10,Wednesday,17:42,Entry,DASH Bus,6,,StoredValue FF,-1.6,14.75,,
12,10/15/2014 10:10,10,Wednesday,10:10,Transfer,DASH Bus,6,,StoredValue FF,0,16.35,,
11,10/15/2014 9:45,10,Wednesday,9:45,Transfer,DASH Bus,9,,StoredValue FF,0,16.35,,
10,10/15/2014 9:18,10,Wednesday,9:18,Entry,Metrobus,28A,,StoredValue FF,-1.75,16.35,,
9,10/1/2014 17:17,10,Wednesday,17:17,Transfer,Metrobus,28A,,StoredValue FF,-0.15,18.1,,
8,10/1/2014 17:11,10,Wednesday,17:11,Entry,DASH Bus,6,,StoredValue FF,-1.6,18.25,,
7,10/1/2014 9:37,10,Wednesday,9:37,Transfer,DASH Bus,6,,StoredValue FF,0,19.85,,
6,10/1/2014 9:17,10,Wednesday,9:17,Entry,Metrobus,28A,,StoredValue FF,-1.75,19.85,,
5,9/25/2014 17:41,9,Thursday,17:41,Transfer,Metrobus,28A,,StoredValue FF,-0.15,21.6,,
4,9/25/2014 17:27,9,Thursday,17:27,Transfer,DASH Bus,6,,StoredValue FF,0,21.75,,
3,9/25/2014 17:09,9,Thursday,17:09,Entry,DASH Bus,6,,StoredValue FF,-1.6,21.75,,
2,9/20/2014 14:19,9,Saturday,14:19,Transfer,Metrobus,16J,,StoredValue FF,-1.25,23.35,,
1,9/20/2014 14:00,9,Saturday,14:00,Exit,Metrorail,Woodley Park-Zoo,Pentagon,StoredValue FF,-2.2,24.6,,
0,9/20/2014 13:34,9,Saturday,13:34,Entry,Metrorail,Woodley Park-Zoo,,StoredValue FF,0,26.8,,
15,9/20/2014 9:05,9,Saturday,9:05,Exit,Metrorail,,Cleveland Park,StoredValue FF,-2.95,26.8,,
14,9/20/2014 8:02,9,Saturday,8:02,Transfer,Metrorail,,King Street,StoredValue FF,0,29.75,,
13,9/20/2014 7:32,9,Saturday,7:32,Entry,Metrobus,28A,,StoredValue FF,-1.75,29.75,,
12,9/19/2014 17:55,9,Friday,17:55,Transfer,Metrobus,16X,,StoredValue FF,0,31.5,,
11,9/19/2014 17:45,9,Friday,17:45,Entry,Metrobus,7P,,StoredValue FF,-1.75,31.5,,
10,9/19/2014 9:36,9,Friday,9:36,Transfer,Metrobus,7F,,StoredValue FF,0,33.25,,
9,9/19/2014 9:01,9,Friday,9:01,Entry,Metrobus,16A,,StoredValue FF,-1.75,33.25,,
6,9/18/2014 17:41,9,Thursday,17:41,Directed Autoload,Metrobus,28A,,StoredValue FF,20,36.75,,
7,9/18/2014 17:41,9,Thursday,17:41,Setup Threshold Autoload,Metrobus,28A,,StoredValue FF,0,36.75,,
8,9/18/2014 17:41,9,Thursday,17:41,Entry,Metrobus,28A,,StoredValue FF,-1.75,35,,
5,9/17/2014 17:58,9,Wednesday,17:58,Exit,Metrorail,Pentagon,Rosslyn,StoredValue FF,-2.15,16.75,,
4,9/17/2014 17:21,9,Wednesday,17:21,Entry,Metrorail,Pentagon,,StoredValue FF,0,18.9,,
3,9/17/2014 17:21,9,Wednesday,17:21,Sale,Metrorail,Pentagon,,StoredValue FF,20,18.9,,
2,9/17/2014 9:08,9,Wednesday,9:08,Transfer,DASH Bus,6,,StoredValue FF,0,-1.1,,
1,9/17/2014 8:50,9,Wednesday,8:50,Entry,Metrobus,28A,,StoredValue FF,-1.75,-1.1,,
0,9/16/2014 17:38,9,Tuesday,17:38,Entry,Metrobus,28A,,Mbus WkPass FF,0,0.65,,
15,9/16/2014 17:27,9,Tuesday,17:27,Entry,DASH Bus,6,,Mbus WkPass FF,0,0.65,,
14,9/16/2014 9:42,9,Tuesday,9:42,Entry,DASH Bus,9,,Mbus WkPass FF,0,0.65,,
13,9/16/2014 9:18,9,Tuesday,9:18,Entry,Metrobus,28A,,Mbus WkPass FF,0,0.65,,
12,9/14/2014 17:30,9,Sunday,17:30,Entry,DASH Bus,1,,Mbus WkPass FF,0,0.65,,
11,9/14/2014 16:54,9,Sunday,16:54,Entry,FFC Bus,321,,Mbus WkPass FF,0,0.65,,
10,9/14/2014 12:37,9,Sunday,12:37,Exit,Metrorail,Van Dorn Street,Franconia-Springfield,StoredValue FF,-1.85,0.65,,
9,9/14/2014 12:17,9,Sunday,12:17,Entry,Metrorail,Van Dorn Street,,StoredValue FF,0,2.5,,
8,9/14/2014 11:40,9,Sunday,11:40,Entry,DASH Bus,1,,Mbus WkPass FF,0,2.5,,
7,9/12/2014 17:44,9,Friday,17:44,Entry,DASH Bus,5,,Mbus WkPass FF,0,2.5,,
6,9/12/2014 17:08,9,Friday,17:08,Entry,DASH Bus,6,,Mbus WkPass FF,0,2.5,,
5,9/12/2014 8:52,9,Friday,8:52,Entry,Metrobus,7F,,Mbus WkPass FF,0,2.5,,
4,9/11/2014 18:29,9,Thursday,18:29,Entry,Metrobus,7W,,Mbus WkPass FF,0,2.5,,
3,9/11/2014 18:12,9,Thursday,18:12,Entry,DASH Bus,6,,Mbus WkPass FF,0,2.5,,
2,9/11/2014 8:49,9,Thursday,8:49,Entry,Metrobus,7W,,Mbus WkPass FF,0,2.5,,
1,9/10/2014 18:24,9,Wednesday,18:24,Entry,Metrobus,7W,,Mbus WkPass FF,0,2.5,,
0,9/10/2014 18:03,9,Wednesday,18:03,Entry,Metrobus,7Y,,Mbus WkPass FF,0,2.5,,
15,9/10/2014 8:48,9,Wednesday,8:48,"Entry
Pass First Use",Metrobus,7F,,Mbus WkPass FF,0,2.5,,
13,9/9/2014 18:04,9,Tuesday,18:04,Directed Autoload,Metrobus,7X,,Mbus WkPass FF,0,2.5,,
14,9/9/2014 18:04,9,Tuesday,18:04,Transfer,Metrobus,7X,,StoredValue FF,0,2.5,,
12,9/9/2014 17:54,9,Tuesday,17:54,Entry,Metrobus,7Y,,StoredValue FF,-1.75,2.5,,
11,9/9/2014 17:54,9,Tuesday,17:54,Sale,Metrobus,7Y,,StoredValue FF,6,4.25,,
10,9/9/2014 8:48,9,Tuesday,8:48,Entry,Metrobus,7F,,StoredValue FF,-1.75,-1.75,,
9,9/8/2014 8:02,9,Monday,8:02,Entry,DASH Bus,2,,StoredValue FF,-1.6,0,,
8,8/1/2014 13:32,8,Friday,13:32,Exit,Metrorail,Pentagon City,Union Station,StoredValue FF,-2.05,1.6,,
7,8/1/2014 13:04,8,Friday,13:04,Entry,Metrorail,Pentagon City,,StoredValue FF,0,3.65,,
6,8/1/2014 10:32,8,Friday,10:32,Exit,Metrorail,Rosslyn,Rosslyn,StoredValue FF,-1.75,3.65,,
5,8/1/2014 10:11,8,Friday,10:11,Entry,Metrorail,Rosslyn,,StoredValue FF,0,5.4,,
4,7/31/2014 19:04,7,Thursday,19:04,Exit,Metrorail,Judiciary Square,Mt Vernon Square,StoredValue FF,-2.15,5.4,,
3,7/31/2014 18:54,7,Thursday,18:54,Entry,Metrorail,Judiciary Square,,StoredValue FF,0,7.55,,
4,2/5/2014 21:08,2,Wednesday,21:08,Entry,DC Circulator,Georgetown - Union,,Stored ValueALP SB Trn FF,0,14.5,0,129
1,7/15/2014 16:20,7,Tuesday,16:20,Exit,Metrorail,,Rosslyn,StoredValue FF,-1.65,8.55,,
0,7/15/2014 16:08,7,Tuesday,16:08,Transfer,Metrorail,,Ballston,StoredValue FF,0,10.2,,
15,7/15/2014 15:57,7,Tuesday,15:57,Entry,Metrobus,22A,,StoredValue FF,-1.75,10.2,,
14,7/15/2014 13:09,7,Tuesday,13:09,Transfer,Metrobus,22A,,StoredValue FF,-1.25,11.95,,
13,7/15/2014 12:50,7,Tuesday,12:50,Exit,Metrorail,Rosslyn,Ballston,StoredValue FF,-1.75,13.2,,
12,7/15/2014 12:35,7,Tuesday,12:35,Entry,Metrorail,Rosslyn,,StoredValue FF,0,14.95,,
11,7/14/2014 21:11,7,Monday,21:11,Entry,Metrobus,42,,StoredValue FF,-1.75,14.95,,
10,7/14/2014 18:08,7,Monday,18:08,Entry,Metrobus,L2,,StoredValue FF,-1.75,16.7,,
13,2/12/2014 13:22,2,Wednesday,13:22,Entry,DC Circulator,Georgetown - Union,,Stored ValueALP SB Trn FF,0,14.5,0,116.25
14,2/12/2014 15:19,2,Wednesday,15:19,Transfer,DC Circulator,Georgetown - Union,,StoredValue FF,0,14.5,0,116.25
7,7/14/2014 14:41,7,Monday,14:41,Exit,Metrorail,Capitol South,Farragut West,StoredValue FF,-1.75,18.95,,
6,7/14/2014 14:25,7,Monday,14:25,Entry,Metrorail,Capitol South,,StoredValue FF,0,20.7,,
5,7/14/2014 14:25,7,Monday,14:25,Sale,Metrorail,Capitol South,,StoredValue FF,20,20.7,,
10,2/21/2014 13:45,2,Friday,13:45,Transfer,DC Circulator,Rosslyn - Dupont,,Stored ValueALP SB Trn FF,0,14.5,1.7,107.45
3,4/28/2014 21:27,4,Monday,21:27,Entry,Metrobus,31,,StoredValue FF,-1.6,1.7,,
2,4/28/2014 17:50,4,Monday,17:50,Entry,Metrobus,31,,StoredValue FF,-1.6,3.3,,
1,4/19/2014 17:53,4,Saturday,17:53,Entry,Metrobus,D3,,StoredValue FF,-1.6,4.9,,
0,4/19/2014 16:32,4,Saturday,16:32,"Sale
Cancelled Trans",Metrorail,Dupont Circle,,StoredValue FF,0,6.5,,
0,4/19/2014 16:31,4,Saturday,16:31,Exit,Metrorail,,Dupont Circle,StoredValue FF,-3.5,6.5,,
15,4/19/2014 15:36,4,Saturday,15:36,Entry,Metrorail,Rockville,,StoredValue FF,0,10,,
14,4/19/2014 12:22,4,Saturday,12:22,Exit,Metrorail,,Rockville,StoredValue FF,-3,10,,
13,4/19/2014 11:52,4,Saturday,11:52,Transfer,Metrorail,,Dupont Circle,StoredValue FF,0,13,,
6,3/8/2014 10:22,3,Saturday,10:22,ALPO Object Suspend,DC Circulator,Georgetown - Union,,ALP SB Trn FF,0,14.5,0,0
11,4/18/2014 14:00,4,Friday,14:00,Exit,Metrorail,McPherson Square,Rosslyn,StoredValue FF,-1.7,14,,
10,4/18/2014 13:50,4,Friday,13:50,Entry,Metrorail,McPherson Square,,StoredValue FF,0,15.7,,
7,3/8/2014 10:22,3,Saturday,10:22,Entry,DC Circulator,Georgetown - Union,,StoredValue FF,-1,13.5,,
8,4/17/2014 21:07,4,Thursday,21:07,Entry,Metrobus,31,,StoredValue FF,-1.6,15.7,,
7,4/16/2014 20:52,4,Wednesday,20:52,Exit,Metrorail,Gallery Place,Dupont Circle,StoredValue FF,-1.7,17.3,,
6,4/16/2014 20:42,4,Wednesday,20:42,Entry,Metrorail,Gallery Place,,StoredValue FF,0,19,,
5,4/16/2014 18:37,4,Wednesday,18:37,Exit,Metrorail,Dupont Circle,Gallery Place,StoredValue FF,-2.1,19,,
4,4/16/2014 18:27,4,Wednesday,18:27,Entry,Metrorail,Dupont Circle,,StoredValue FF,0,21.1,,
3,4/16/2014 18:27,4,Wednesday,18:27,Sale,Metrorail,Dupont Circle,,StoredValue FF,20,21.1,,
2,4/16/2014 18:26,4,Wednesday,18:26,ALPO Object Unload,Metrorail,Dupont Circle,,ALP SB Trn FF,0,1.1,,
1,3/24/2014 21:52,3,Monday,21:52,Entry,Metrobus,31,,StoredValue FF,-1.6,1.1,,
0,3/24/2014 18:47,3,Monday,18:47,Entry,Metrobus,31,,StoredValue FF,-1.6,2.7,,
15,3/17/2014 21:46,3,Monday,21:46,Entry,Metrobus,31,,StoredValue FF,-1.6,4.3,,
8,3/12/2014 12:05,3,Wednesday,12:05,Entry,DC Circulator,Georgetown - Union,,StoredValue FF,-1,12.5,,
9,3/15/2014 12:09,3,Saturday,12:09,Entry,DC Circulator,Georgetown - Union,,StoredValue FF,-1,11.5,,
12,3/16/2014 17:06,3,Sunday,17:06,Entry,Metrobus,38B,,StoredValue FF,-1.6,7.9,,
10,3/15/2014 16:56,3,Saturday,16:56,Entry,DC Circulator,Georgetown - Union,,StoredValue FF,-1,10.5,,
11,3/16/2014 10:47,3,Sunday,10:47,Entry,DC Circulator,Georgetown - Union,,StoredValue FF,-1,9.5,,
13,3/16/2014 19:27,3,Sunday,19:27,Entry,DC Circulator,Rosslyn - Dupont,,StoredValue FF,-1,6.9,,
14,3/17/2014 18:49,3,Monday,18:49,Entry,DC Circulator,Georgetown - Union,,StoredValue FF,-1,5.9,,
9,4/17/2014 23:06,4,Thursday,23:06,Transfer,DC Circulator,Georgetown - Union,,StoredValue FF,0,15.7,,
12,4/19/2014 11:25,4,Saturday,11:25,Entry,DC Circulator,Rosslyn - Dupont,,StoredValue FF,-1,13,,
5,3/4/2014 21:27,3,Tuesday,21:27,Exit,Metrorail,Metro Center,Rosslyn,Stored ValueALP SB Trn FF,0,14.5,124.35,124.35
4,3/4/2014 21:13,3,Tuesday,21:13,Entry,Metrorail,Metro Center,,Stored ValueALP SB Trn FF,0,14.5,1.7,126.05
3,3/4/2014 18:54,3,Tuesday,18:54,Exit,Metrorail,Rosslyn,Metro Center,Stored ValueALP SB Trn FF,0,14.5,0,126.05
2,3/4/2014 18:41,3,Tuesday,18:41,Entry,Metrorail,Rosslyn,,Stored ValueALP SB Trn FF,0,14.5,2.1,128.15
1,3/2/2014 11:26,3,Sunday,11:26,Exit,Metrorail,National Airport,Rosslyn,Stored ValueALP SB Trn FF,0,14.5,0,128.15
15,3/2/2014 11:02,3,Sunday,11:02,ALPO Object Update,Metrorail,National Airport,,ALP SB Trn FF,0,14.5,1.85,130
0,3/2/2014 11:02,3,Sunday,11:02,Entry,Metrorail,National Airport,,Stored ValueALP SB Trn FF,0,14.5,-1.85,128.15
14,2/28/2014 9:37,2,Friday,9:37,Exit,Metrorail,Rosslyn,National Airport,Stored ValueALP SB Trn FF,0,14.5,-28.4,99.75
13,2/28/2014 9:22,2,Friday,9:22,Entry,Metrorail,Rosslyn,,Stored ValueALP SB Trn FF,0,14.5,2.3,102.05
12,2/24/2014 21:48,2,Monday,21:48,Entry,Metrobus,31,,Stored ValueALP SB Trn FF,0,14.5,0,102.05
11,2/24/2014 18:29,2,Monday,18:29,Entry,Metrobus,31,,Stored ValueALP SB Trn FF,0,14.5,1.6,103.65
9,2/21/2014 14:05,2,Friday,14:05,Exit,Metrorail,Pentagon,Rosslyn,Stored ValueALP SB Trn FF,0,14.5,1.6,105.25
8,2/21/2014 13:53,2,Friday,13:53,Entry,Metrorail,Pentagon,,Stored ValueALP SB Trn FF,0,14.5,0.5,105.75
4,5/10/2014 1:10,5,Saturday,1:10,Entry,DC Circulator,Union - Navy,,StoredValue FF,-1,0.7,,
7,2/21/2014 12:15,2,Friday,12:15,Exit,Metrorail,Rosslyn,Pentagon,Stored ValueALP SB Trn FF,0,14.5,0,107.45
6,2/21/2014 11:59,2,Friday,11:59,Entry,Metrorail,Rosslyn,,Stored ValueALP SB Trn FF,0,14.5,1.7,109.15
5,2/16/2014 13:58,2,Sunday,13:58,Entry,Metrobus,D2,,Stored ValueALP SB Trn FF,0,14.5,0,109.15
4,2/14/2014 12:17,2,Friday,12:17,Exit,Metrorail,Union Station,Dupont Circle,Stored ValueALP SB Trn FF,0,14.5,1.6,110.75
3,2/14/2014 12:04,2,Friday,12:04,Entry,Metrorail,Union Station,,Stored ValueALP SB Trn FF,0,14.5,1.7,112.45
2,2/14/2014 10:59,2,Friday,10:59,Exit,Metrorail,Dupont Circle,Union Station,Stored ValueALP SB Trn FF,0,14.5,0,112.45
1,2/14/2014 10:35,2,Friday,10:35,Entry,Metrorail,Dupont Circle,,Stored ValueALP SB Trn FF,0,14.5,1.7,114.15
0,2/13/2014 19:03,2,Thursday,19:03,Exit,Metrorail,Rosslyn,Dupont Circle,Stored ValueALP SB Trn FF,0,14.5,0,114.15
15,2/13/2014 18:38,2,Thursday,18:38,Entry,Metrorail,Rosslyn,,Stored ValueALP SB Trn FF,0,14.5,2.1,116.25
8,7/14/2014 15:37,7,Monday,15:37,Transfer,DC Circulator,Georgetown - Union,,StoredValue FF,-0.5,18.45,,
9,7/14/2014 15:48,7,Monday,15:48,Transfer,DC Circulator,Georgetown - Union,,StoredValue FF,0,18.45,,
12,2/10/2014 21:20,2,Monday,21:20,Entry,Metrobus,31,,Stored ValueALP SB Trn FF,0,14.5,1,117.25
11,2/10/2014 17:30,2,Monday,17:30,Entry,Metrobus,31,,Stored ValueALP SB Trn FF,0,14.5,1.6,118.85
10,2/7/2014 16:23,2,Friday,16:23,Exit,Metrorail,Dupont Circle,Rockville,Stored ValueALP SB Trn FF,0,14.5,1.6,120.45
9,2/7/2014 15:48,2,Friday,15:48,Entry,Metrorail,Dupont Circle,,Stored ValueALP SB Trn FF,0,14.5,5.15,125.6
8,2/6/2014 13:53,2,Thursday,13:53,Exit,Metrorail,Gallery Place,Dupont Circle,Stored ValueALP SB Trn FF,0,14.5,0,125.6
7,2/6/2014 13:45,2,Thursday,13:45,Entry,Metrorail,Gallery Place,,Stored ValueALP SB Trn FF,0,14.5,1.7,127.3
6,2/6/2014 13:10,2,Thursday,13:10,Exit,Metrorail,Dupont Circle,Gallery Place,Stored ValueALP SB Trn FF,0,14.5,0,127.3
5,2/6/2014 13:02,2,Thursday,13:02,Entry,Metrorail,Dupont Circle,,Stored ValueALP SB Trn FF,0,14.5,1.7,129
2,7/16/2014 8:59,7,Wednesday,8:59,Entry,DC Circulator,Georgetown - Union,,StoredValue FF,-1,7.55,,
12,11/9/2014 17:21,11,Sunday,17:21,Transfer,DC Circulator,Georgetown - Union,,StoredValue FF,-0.5,20.15,,
11,1/25/2015 12:13,1,Sunday,12:13,Transfer,DC Circulator,Rosslyn - Dupont,,StoredValue FF,0,18.95,,
12,1/25/2015 12:46,1,Sunday,12:46,Transfer,DC Circulator,Georgetown - Union,,StoredValue FF,0,18.95,,
0,1/13/2014 17:04,1,Monday,17:04,Entry,Metrobus,31,,Stored ValueALP SB Trn FF,0,14.5,1,154.1
15,1/9/2014 11:32,1,Thursday,11:32,Exit,Metrorail,,Court House,Stored ValueALP SB Trn FF,0,14.5,1.6,155.7
14,1/9/2014 11:19,1,Thursday,11:19,Transfer,Metrorail,,Rosslyn,Stored ValueALP SB Trn FF,0,14.5,1.2,156.9
9,4/18/2015 21:59,4,Saturday,21:59,Entry,DC Circulator,Rosslyn - Dupont,,StoredValue FF,-1,14.1,,
12,1/7/2014 15:28,1,Tuesday,15:28,Exit,Metrorail,Union Station,Dupont Circle,Stored ValueALP SB Trn FF,0,14.5,1,157.9
10,1/7/2014 15:13,1,Tuesday,15:13,ALPO Object Update,Metrorail,Union Station,,ALP SB Trn FF,0,14.5,2.1,160
11,1/7/2014 15:13,1,Tuesday,15:13,Entry,Metrorail,Union Station,,Stored ValueALP SB Trn FF,0,14.5,0,160
9,12/13/2013 20:09,12,Friday,20:09,Exit,Metrorail,Union Station,Dupont Circle,Stored ValueALP SB Trn FF,0,14.5,-12.7,147.3
8,12/13/2013 19:57,12,Friday,19:57,Entry,Metrorail,Union Station,,Stored ValueALP SB Trn FF,0,14.5,1.7,149
7,12/12/2013 13:15,12,Thursday,13:15,Exit,Metrorail,Rosslyn,Capitol South,Stored ValueALP SB Trn FF,0,14.5,0,149
6,12/12/2013 12:52,12,Thursday,12:52,Entry,Metrorail,Rosslyn,,Stored ValueALP SB Trn FF,0,14.5,2,151
5,12/11/2013 13:49,12,Wednesday,13:49,Exit,Metrorail,Union Station,Dupont Circle,Stored ValueALP SB Trn FF,0,14.5,0,151
4,12/11/2013 13:32,12,Wednesday,13:32,Entry,Metrorail,Union Station,,Stored ValueALP SB Trn FF,0,14.5,1.7,152.7
3,12/5/2013 17:32,12,Thursday,17:32,Exit,Metrorail,Union Station,Dupont Circle,Stored ValueALP SB Trn FF,0,14.5,0,152.7
2,12/5/2013 17:18,12,Thursday,17:18,Entry,Metrorail,Union Station,,Stored ValueALP SB Trn FF,0,14.5,2.1,154.8
7,5/2/2015 22:11,5,Saturday,22:11,Transfer,DC Circulator,Woodley - AdMo,,StoredValue FF,0,21.25,,
0,12/3/2013 12:59,12,Tuesday,12:59,Exit,Metrorail,,Capitol South,Stored ValueALP SB Trn FF,0,14.5,1,155.8
15,12/3/2013 12:34,12,Tuesday,12:34,Entry,Metrorail,Rosslyn,,Stored ValueALP SB Trn FF,0,14.5,2,157.8
13,12/1/2013 22:34,12,Sunday,22:34,Exit,Metrorail,Union Station,Dupont Circle,Stored ValueALP SB Trn FF,0,14.5,0.5,158.3
7,11/21/2015 14:04,11,Saturday,14:04,Entry,DC Circulator,Georgetown - Union,,StoredValue FF,-1,11.5,,
11,12/1/2013 22:02,12,Sunday,22:02,ALPO Object Update,Metrorail,Union Station,,ALP SB Trn FF,0,14.5,2.2,160
12,12/1/2013 22:02,12,Sunday,22:02,Entry,Metrorail,Union Station,,Stored ValueALP SB Trn FF,0,14.5,0,160
10,11/27/2013 17:18,11,Wednesday,17:18,Exit,Metrorail,Dupont Circle,Union Station,Stored ValueALP SB Trn FF,0,14.5,-23.8,136.2
9,11/27/2013 17:04,11,Wednesday,17:04,Entry,Metrorail,Dupont Circle,,Stored ValueALP SB Trn FF,0,14.5,2.1,138.3
8,11/27/2013 14:05,11,Wednesday,14:05,Exit,Metrorail,Union Station,Dupont Circle,Stored ValueALP SB Trn FF,0,14.5,0,138.3
7,11/27/2013 13:44,11,Wednesday,13:44,Entry,Metrorail,Union Station,,Stored ValueALP SB Trn FF,0,14.5,1.7,140
6,11/26/2013 12:52,11,Tuesday,12:52,Exit,Metrorail,Rosslyn,Capitol South,Stored ValueALP SB Trn FF,0,14.5,0,140
5,11/26/2013 12:34,11,Tuesday,12:34,Entry,Metrorail,Rosslyn,,Stored ValueALP SB Trn FF,0,14.5,2,142
4,11/22/2013 17:44,11,Friday,17:44,Exit,Metrorail,Capitol South,Rosslyn,Stored ValueALP SB Trn FF,0,14.5,0,142
3,11/22/2013 17:23,11,Friday,17:23,Entry,Metrorail,Capitol South,,Stored ValueALP SB Trn FF,0,14.5,2.5,144.5
2,11/21/2013 12:57,11,Thursday,12:57,Exit,Metrorail,Rosslyn,Capitol South,Stored ValueALP SB Trn FF,0,14.5,2,146.5
1,11/21/2013 12:31,11,Thursday,12:31,Entry,Metrorail,Rosslyn,,Stored ValueALP SB Trn FF,0,14.5,0,146.5
13,12/3/2015 21:47,12,Thursday,21:47,Entry,DC Circulator,Georgetown - Union,,StoredValue FF,-1,9.75,,
15,11/19/2013 12:51,11,Tuesday,12:51,Exit,Metrorail,Rosslyn,Capitol South,Stored ValueALP SB Trn FF,0,14.5,1,147.5
14,11/19/2013 12:33,11,Tuesday,12:33,Entry,Metrorail,Rosslyn,,Stored ValueALP SB Trn FF,0,14.5,2,149.5
13,11/15/2013 9:16,11,Friday,9:16,Exit,Metrorail,Rosslyn,Capitol South,Stored ValueALP SB Trn FF,0,14.5,0,149.5
12,11/15/2013 8:55,11,Friday,8:55,Entry,Metrorail,Rosslyn,,Stored ValueALP SB Trn FF,0,14.5,2.5,152
11,11/14/2013 12:54,11,Thursday,12:54,Exit,Metrorail,Rosslyn,Capitol South,Stored ValueALP SB Trn FF,0,14.5,0,152
10,11/14/2013 12:33,11,Thursday,12:33,Entry,Metrorail,Rosslyn,,Stored ValueALP SB Trn FF,0,14.5,2,154
9,11/12/2013 12:50,11,Tuesday,12:50,Exit,Metrorail,Rosslyn,Capitol South,Stored ValueALP SB Trn FF,0,14.5,0,154
8,11/12/2013 12:32,11,Tuesday,12:32,Entry,Metrorail,Rosslyn,,Stored ValueALP SB Trn FF,0,14.5,2,156
7,11/7/2013 12:50,11,Thursday,12:50,Exit,Metrorail,Rosslyn,Capitol South,Stored ValueALP SB Trn FF,0,14.5,0,156
6,11/7/2013 12:33,11,Thursday,12:33,Entry,Metrorail,Rosslyn,,Stored ValueALP SB Trn FF,0,14.5,2,158
5,11/5/2013 12:52,11,Tuesday,12:52,Exit,Metrorail,Rosslyn,Capitol South,Stored ValueALP SB Trn FF,0,14.5,0,158
3,11/5/2013 12:34,11,Tuesday,12:34,ALPO Object Update,Metrorail,Rosslyn,,ALP SB Trn FF,0,14.5,160,160
4,11/5/2013 12:34,11,Tuesday,12:34,Entry,Metrorail,Rosslyn,,Stored ValueALP SB Trn FF,0,14.5,0,160
